{
  "id": null,
  "title": "Kafka - Hosts",
  "originalTitle": "Kafka - Hosts",
  "tags": [
    "kafka"
  ],
  "style": "dark",
  "timezone": "browser",
  "editable": true,
  "hideControls": false,
  "sharedCrosshair": false,
  "rows": [
    {
      "collapse": false,
      "editable": true,
      "height": "25px",
      "panels": [
        {
          "content": "<h4 align=\"center\">Metrics for the Kafka cluster on a per broker level. Click on each row title to expand on demand to look at various metrics. </h4>\n<h6 style=\"color:red;\" align=\"center\">This dashboard is managed by Ambari.  You may lose any changes made to this dashboard.  If you want to customize, make your own copy.</h6>",
          "editable": true,
          "error": false,
          "id": 18,
          "isNew": true,
          "links": [],
          "mode": "html",
          "span": 12,
          "style": {},
          "title": "",
          "type": "text"
        }
      ],
      "title": "New row"
    },
    {
      "collapse": false,
      "editable": true,
      "height": "250px",
      "panels": [
        {
          "aliasColors": {},
          "bars": false,
          "datasource": null,
          "editable": true,
          "error": false,
          "fill": 1,
          "grid": {
            "leftLogBase": 1,
            "leftMax": null,
            "leftMin": null,
            "rightLogBase": 1,
            "rightMax": null,
            "rightMin": null,
            "threshold1": null,
            "threshold1Color": "rgba(216, 200, 27, 0.27)",
            "threshold2": null,
            "threshold2Color": "rgba(234, 112, 112, 0.22)"
          },
          "id": 5,
          "isNew": true,
          "legend": {
            "avg": false,
            "current": false,
            "max": false,
            "min": false,
            "show": false,
            "total": false,
            "values": false
          },
          "lines": true,
          "linewidth": 2,
          "links": [],
          "nullPointMode": "connected",
          "percentage": false,
          "pointradius": 5,
          "points": false,
          "renderer": "flot",
          "seriesOverrides": [],
          "span": 4,
          "stack": false,
          "steppedLine": false,
          "targets": [
            {
              "aggregator": "avg",
              "alias": "Bytes In",
              "app": "kafka_broker",
              "downsampleAggregator": "avg",
              "errors": {},
              "metric": "kafka.server.BrokerTopicMetrics.BytesInPerSec.count",
              "precision": "default",
              "refId": "A",
              "templatedHost": "",
              "transform": "rate",
              "transformData": "none"
            },
            {
              "aggregator": "avg",
              "alias": "Bytes Out",
              "app": "kafka_broker",
              "downsampleAggregator": "avg",
              "errors": {},
              "metric": "kafka.server.BrokerTopicMetrics.BytesOutPerSec.count",
              "precision": "default",
              "refId": "B",
              "templatedHost": "",
              "transform": "none",
              "transformData": "none"
            }
          ],
          "timeFrom": null,
          "timeShift": null,
          "title": "Bytes In & Out /s",
          "tooltip": {
            "shared": false,
            "value_type": "cumulative"
          },
          "type": "graph",
          "x-axis": true,
          "y-axis": true,
          "y_formats": [
            "bytes",
            "short"
          ]
        },
        {
          "aliasColors": {},
          "bars": false,
          "datasource": null,
          "editable": true,
          "error": false,
          "fill": 1,
          "grid": {
            "leftLogBase": 1,
            "leftMax": null,
            "leftMin": null,
            "rightLogBase": 1,
            "rightMax": null,
            "rightMin": null,
            "threshold1": null,
            "threshold1Color": "rgba(216, 200, 27, 0.27)",
            "threshold2": null,
            "threshold2Color": "rgba(234, 112, 112, 0.22)"
          },
          "id": 6,
          "isNew": true,
          "legend": {
            "avg": false,
            "current": false,
            "max": false,
            "min": false,
            "show": false,
            "total": false,
            "values": false
          },
          "lines": true,
          "linewidth": 2,
          "links": [],
          "nullPointMode": "connected",
          "percentage": false,
          "pointradius": 5,
          "points": false,
          "renderer": "flot",
          "seriesOverrides": [],
          "span": 4,
          "stack": false,
          "steppedLine": false,
          "targets": [
            {
              "aggregator": "avg",
              "alias": "Messages In",
              "app": "kafka_broker",
              "downsampleAggregator": "avg",
              "errors": {},
              "metric": "kafka.server.BrokerTopicMetrics.MessagesInPerSec.count",
              "precision": "default",
              "refId": "A",
              "templatedHost": "",
              "transform": "rate",
              "transformData": "none"
            }
          ],
          "timeFrom": null,
          "timeShift": null,
          "title": "Messages In /s",
          "tooltip": {
            "shared": false,
            "value_type": "cumulative"
          },
          "type": "graph",
          "x-axis": true,
          "y-axis": true,
          "y_formats": [
            "short",
            "short"
          ]
        },
        {
          "aliasColors": {},
          "bars": false,
          "datasource": null,
          "editable": true,
          "error": false,
          "fill": 1,
          "grid": {
            "leftLogBase": 1,
            "leftMax": null,
            "leftMin": null,
            "rightLogBase": 1,
            "rightMax": null,
            "rightMin": null,
            "threshold1": null,
            "threshold1Color": "rgba(216, 200, 27, 0.27)",
            "threshold2": null,
            "threshold2Color": "rgba(234, 112, 112, 0.22)"
          },
          "id": 16,
          "isNew": true,
          "legend": {
            "avg": false,
            "current": false,
            "max": false,
            "min": false,
            "show": false,
            "total": false,
            "values": false
          },
          "lines": true,
          "linewidth": 2,
          "links": [],
          "nullPointMode": "connected",
          "percentage": false,
          "pointradius": 5,
          "points": false,
          "renderer": "flot",
          "seriesOverrides": [],
          "span": 4,
          "stack": false,
          "steppedLine": false,
          "targets": [
            {
              "aggregator": "avg",
              "alias": "Under Replicated Partitions",
              "app": "kafka_broker",
              "downsampleAggregator": "avg",
              "errors": {},
              "metric": "kafka.server.ReplicaManager.UnderReplicatedPartitions",
              "precision": "default",
              "refId": "A",
              "templatedHost": "",
              "transformData": "none"
            }
          ],
          "timeFrom": null,
          "timeShift": null,
          "title": "Under Replicated Partitions",
          "tooltip": {
            "shared": false,
            "value_type": "cumulative"
          },
          "type": "graph",
          "x-axis": true,
          "y-axis": true,
          "y_formats": [
            "short",
            "short"
          ]
        }
      ],
      "showTitle": true,
      "title": "Bytes / Messages / Partitions"
    },
    {
      "collapse": true,
      "editable": true,
      "height": "250px",
      "panels": [
        {
          "aliasColors": {},
          "bars": false,
          "datasource": null,
          "editable": true,
          "error": false,
          "fill": 1,
          "grid": {
            "leftLogBase": 1,
            "leftMax": null,
            "leftMin": null,
            "rightLogBase": 1,
            "rightMax": null,
            "rightMin": null,
            "threshold1": null,
            "threshold1Color": "rgba(216, 200, 27, 0.27)",
            "threshold2": null,
            "threshold2Color": "rgba(234, 112, 112, 0.22)"
          },
          "id": 7,
          "isNew": true,
          "legend": {
            "avg": false,
            "current": false,
            "max": false,
            "min": false,
            "show": false,
            "total": false,
            "values": false
          },
          "lines": true,
          "linewidth": 2,
          "links": [],
          "nullPointMode": "connected",
          "percentage": false,
          "pointradius": 5,
          "points": false,
          "renderer": "flot",
          "seriesOverrides": [],
          "span": 6,
          "stack": false,
          "steppedLine": false,
          "targets": [
            {
              "aggregator": "avg",
              "alias": "Producer Requests",
              "app": "kafka_broker",
              "downsampleAggregator": "avg",
              "errors": {},
              "metric": "kafka.network.RequestMetrics.RequestsPerSec.request.Produce.count",
              "precision": "default",
              "refId": "A",
              "templatedHost": "",
              "transform": "rate",
              "transformData": "none"
            }
          ],
          "timeFrom": null,
          "timeShift": null,
          "title": "Producer Requests /s",
          "tooltip": {
            "shared": false,
            "value_type": "cumulative"
          },
          "type": "graph",
          "x-axis": true,
          "y-axis": true,
          "y_formats": [
            "short",
            "short"
          ]
        },
        {
          "aliasColors": {},
          "bars": false,
          "datasource": null,
          "editable": true,
          "error": false,
          "fill": 1,
          "grid": {
            "leftLogBase": 1,
            "leftMax": null,
            "leftMin": null,
            "rightLogBase": 1,
            "rightMax": null,
            "rightMin": null,
            "threshold1": null,
            "threshold1Color": "rgba(216, 200, 27, 0.27)",
            "threshold2": null,
            "threshold2Color": "rgba(234, 112, 112, 0.22)"
          },
          "id": 8,
          "isNew": true,
          "legend": {
            "avg": false,
            "current": false,
            "max": false,
            "min": false,
            "show": false,
            "total": false,
            "values": false
          },
          "lines": true,
          "linewidth": 2,
          "links": [],
          "nullPointMode": "connected",
          "percentage": false,
          "pointradius": 5,
          "points": false,
          "renderer": "flot",
          "seriesOverrides": [],
          "span": 6,
          "stack": false,
          "steppedLine": false,
          "targets": [
            {
              "aggregator": "avg",
              "alias": "Consumer Requests",
              "app": "kafka_broker",
              "downsampleAggregator": "avg",
              "errors": {},
              "metric": "kafka.network.RequestMetrics.RequestsPerSec.request.FetchConsumer.count",
              "precision": "default",
              "refId": "A",
              "templatedHost": "",
              "transform": "rate",
              "transformData": "none"
            }
          ],
          "timeFrom": null,
          "timeShift": null,
          "title": "Consumer Requests /s",
          "tooltip": {
            "shared": false,
            "value_type": "cumulative"
          },
          "type": "graph",
          "x-axis": true,
          "y-axis": true,
          "y_formats": [
            "short",
            "short"
          ]
        }
      ],
      "showTitle": true,
      "title": "Producer & Consumer Requests"
    },
    {
      "collapse": true,
      "editable": true,
      "height": "250px",
      "panels": [
        {
          "aliasColors": {},
          "bars": false,
          "datasource": null,
          "editable": true,
          "error": false,
          "fill": 1,
          "grid": {
            "leftLogBase": 1,
            "leftMax": null,
            "leftMin": null,
            "rightLogBase": 1,
            "rightMax": null,
            "rightMin": null,
            "threshold1": null,
            "threshold1Color": "rgba(216, 200, 27, 0.27)",
            "threshold2": null,
            "threshold2Color": "rgba(234, 112, 112, 0.22)"
          },
          "id": 13,
          "isNew": true,
          "legend": {
            "avg": false,
            "current": false,
            "max": false,
            "min": false,
            "show": false,
            "total": false,
            "values": false
          },
          "lines": true,
          "linewidth": 2,
          "links": [],
          "nullPointMode": "connected",
          "percentage": false,
          "pointradius": 5,
          "points": false,
          "renderer": "flot",
          "seriesOverrides": [],
          "span": 4,
          "stack": false,
          "steppedLine": false,
          "targets": [
            {
              "aggregator": "avg",
              "alias": "ReplicaManager.PartitionCount",
              "app": "kafka_broker",
              "downsampleAggregator": "avg",
              "errors": {},
              "metric": "kafka.server.ReplicaManager.PartitionCount",
              "precision": "default",
              "refId": "A",
              "templatedHost": "",
              "transform": "none",
              "transformData": "none"
            }
          ],
          "timeFrom": null,
          "timeShift": null,
          "title": "Partition Count",
          "tooltip": {
            "shared": false,
            "value_type": "cumulative"
          },
          "type": "graph",
          "x-axis": true,
          "y-axis": true,
          "y_formats": [
            "short",
            "short"
          ]
        },
        {
          "aliasColors": {},
          "bars": false,
          "datasource": null,
          "editable": true,
          "error": false,
          "fill": 1,
          "grid": {
            "leftLogBase": 1,
            "leftMax": null,
            "leftMin": null,
            "rightLogBase": 1,
            "rightMax": null,
            "rightMin": null,
            "threshold1": null,
            "threshold1Color": "rgba(216, 200, 27, 0.27)",
            "threshold2": null,
            "threshold2Color": "rgba(234, 112, 112, 0.22)"
          },
          "id": 14,
          "isNew": true,
          "legend": {
            "avg": false,
            "current": false,
            "max": false,
            "min": false,
            "show": false,
            "total": false,
            "values": false
          },
          "lines": true,
          "linewidth": 2,
          "links": [],
          "nullPointMode": "connected",
          "percentage": false,
          "pointradius": 5,
          "points": false,
          "renderer": "flot",
          "seriesOverrides": [],
          "span": 4,
          "stack": false,
          "steppedLine": false,
          "targets": [
            {
              "aggregator": "avg",
              "alias": "ReplicaManager.LeaderCount",
              "app": "kafka_broker",
              "downsampleAggregator": "avg",
              "errors": {},
              "metric": "kafka.server.ReplicaManager.LeaderCount",
              "precision": "default",
              "refId": "A",
              "templatedHost": "",
              "transform": "none",
              "transformData": "none"
            }
          ],
          "timeFrom": null,
          "timeShift": null,
          "title": "Leader Count",
          "tooltip": {
            "shared": false,
            "value_type": "cumulative"
          },
          "type": "graph",
          "x-axis": true,
          "y-axis": true,
          "y_formats": [
            "short",
            "short"
          ]
        },
        {
          "aliasColors": {},
          "bars": false,
          "datasource": null,
          "editable": true,
          "error": false,
          "fill": 1,
          "grid": {
            "leftLogBase": 1,
            "leftMax": null,
            "leftMin": null,
            "rightLogBase": 1,
            "rightMax": null,
            "rightMin": null,
            "threshold1": null,
            "threshold1Color": "rgba(216, 200, 27, 0.27)",
            "threshold2": null,
            "threshold2Color": "rgba(234, 112, 112, 0.22)"
          },
          "id": 15,
          "isNew": true,
          "legend": {
            "avg": false,
            "current": false,
            "max": false,
            "min": false,
            "show": false,
            "total": false,
            "values": false
          },
          "lines": true,
          "linewidth": 2,
          "links": [],
          "nullPointMode": "connected",
          "percentage": false,
          "pointradius": 5,
          "points": false,
          "renderer": "flot",
          "seriesOverrides": [],
          "span": 4,
          "stack": false,
          "steppedLine": false,
          "targets": [
            {
              "aggregator": "avg",
              "alias": "MaxLag Replica",
              "app": "kafka_broker",
              "downsampleAggregator": "avg",
              "errors": {},
              "metric": "kafka.server.ReplicaFetcherManager.MaxLag.clientId.Replica",
              "precision": "default",
              "refId": "A",
              "templatedHost": "",
              "transform": "none",
              "transformData": "none"
            }
          ],
          "timeFrom": null,
          "timeShift": null,
          "title": "MaxLag Replica",
          "tooltip": {
            "shared": false,
            "value_type": "cumulative"
          },
          "type": "graph",
          "x-axis": true,
          "y-axis": true,
          "y_formats": [
            "short",
            "short"
          ]
        }
      ],
      "showTitle": true,
      "title": "Replica Manager"
    },
    {
      "collapse": true,
      "editable": true,
      "height": "250px",
      "panels": [
        {
          "aliasColors": {},
          "bars": false,
          "datasource": null,
          "editable": true,
          "error": false,
          "fill": 1,
          "grid": {
            "leftLogBase": 1,
            "leftMax": null,
            "leftMin": null,
            "rightLogBase": 1,
            "rightMax": null,
            "rightMin": null,
            "threshold1": null,
            "threshold1Color": "rgba(216, 200, 27, 0.27)",
            "threshold2": null,
            "threshold2Color": "rgba(234, 112, 112, 0.22)"
          },
          "id": 11,
          "isNew": true,
          "legend": {
            "avg": false,
            "current": false,
            "max": false,
            "min": false,
            "show": false,
            "total": false,
            "values": false
          },
          "lines": true,
          "linewidth": 2,
          "links": [],
          "nullPointMode": "connected",
          "percentage": false,
          "pointradius": 5,
          "points": false,
          "renderer": "flot",
          "seriesOverrides": [],
          "span": 6,
          "stack": false,
          "steppedLine": false,
          "targets": [
            {
              "aggregator": "avg",
              "alias": "ISR Shrinks",
              "app": "kafka_broker",
              "downsampleAggregator": "avg",
              "errors": {},
              "metric": "kafka.server.ReplicaManager.IsrShrinksPerSec.count",
              "precision": "default",
              "refId": "A",
              "templatedHost": "",
              "transform": "rate",
              "transformData": "none"
            }
          ],
          "timeFrom": null,
          "timeShift": null,
          "title": "In-Sync Replica Shrinks /s",
          "tooltip": {
            "shared": false,
            "value_type": "cumulative"
          },
          "type": "graph",
          "x-axis": true,
          "y-axis": true,
          "y_formats": [
            "short",
            "short"
          ]
        },
        {
          "aliasColors": {},
          "bars": false,
          "datasource": null,
          "editable": true,
          "error": false,
          "fill": 1,
          "grid": {
            "leftLogBase": 1,
            "leftMax": null,
            "leftMin": null,
            "rightLogBase": 1,
            "rightMax": null,
            "rightMin": null,
            "threshold1": null,
            "threshold1Color": "rgba(216, 200, 27, 0.27)",
            "threshold2": null,
            "threshold2Color": "rgba(234, 112, 112, 0.22)"
          },
          "id": 12,
          "isNew": true,
          "legend": {
            "avg": false,
            "current": false,
            "max": false,
            "min": false,
            "show": false,
            "total": false,
            "values": false
          },
          "lines": true,
          "linewidth": 2,
          "links": [],
          "nullPointMode": "connected",
          "percentage": false,
          "pointradius": 5,
          "points": false,
          "renderer": "flot",
          "seriesOverrides": [],
          "span": 6,
          "stack": false,
          "steppedLine": false,
          "targets": [
            {
              "aggregator": "avg",
              "alias": "ISR Expands",
              "app": "kafka_broker",
              "downsampleAggregator": "avg",
              "errors": {},
              "metric": "kafka.server.ReplicaManager.IsrExpandsPerSec.count",
              "precision": "default",
              "refId": "A",
              "templatedHost": "",
              "transform": "rate",
              "transformData": "none"
            }
          ],
          "timeFrom": null,
          "timeShift": null,
          "title": "In-Sync Replica Expands /s",
          "tooltip": {
            "shared": false,
            "value_type": "cumulative"
          },
          "type": "graph",
          "x-axis": true,
          "y-axis": true,
          "y_formats": [
            "short",
            "short"
          ]
        }
      ],
      "showTitle": true,
      "title": "In-Sync Replica Shrinks / Expands"
    },
    {
      "collapse": true,
      "editable": true,
      "height": "250px",
      "panels": [
        {
          "aliasColors": {},
          "bars": false,
          "datasource": null,
          "editable": true,
          "error": false,
          "fill": 1,
          "grid": {
            "leftLogBase": 1,
            "leftMax": null,
            "leftMin": null,
            "rightLogBase": 1,
            "rightMax": null,
            "rightMin": null,
            "threshold1": null,
            "threshold1Color": "rgba(216, 200, 27, 0.27)",
            "threshold2": null,
            "threshold2Color": "rgba(234, 112, 112, 0.22)"
          },
          "id": 17,
          "isNew": true,
          "legend": {
            "avg": false,
            "current": false,
            "max": false,
            "min": false,
            "show": false,
            "total": false,
            "values": false
          },
          "lines": true,
          "linewidth": 2,
          "links": [],
          "nullPointMode": "connected",
          "percentage": false,
          "pointradius": 5,
          "points": false,
          "renderer": "flot",
          "seriesOverrides": [],
          "span": 12,
          "stack": false,
          "steppedLine": false,
          "targets": [
            {
              "aggregator": "avg",
              "alias": "MaxLag",
              "app": "kafka_broker",
              "downsampleAggregator": "avg",
              "errors": {},
              "metric": "kafka.server.ReplicaFetcherManager.MaxLag.clientId.Replica",
              "precision": "default",
              "refId": "A",
              "templatedHost": "",
              "transform": "none",
              "transformData": "none"
            }
          ],
          "timeFrom": null,
          "timeShift": null,
          "title": "Replica Fetcher Manager MaxLag",
          "tooltip": {
            "shared": false,
            "value_type": "cumulative"
          },
          "type": "graph",
          "x-axis": true,
          "y-axis": true,
          "y_formats": [
            "short",
            "short"
          ]
        }
      ],
      "showTitle": true,
      "title": "Replica Fetcher Manager"
    },
    {
      "collapse": true,
      "editable": true,
      "height": 214,
      "panels": [
        {
          "aliasColors": {},
          "bars": false,
          "datasource": null,
          "editable": true,
          "error": false,
          "fill": 1,
          "grid": {
            "leftLogBase": 1,
            "leftMax": null,
            "leftMin": null,
            "rightLogBase": 1,
            "rightMax": null,
            "rightMin": null,
            "threshold1": null,
            "threshold1Color": "rgba(216, 200, 27, 0.27)",
            "threshold2": null,
            "threshold2Color": "rgba(234, 112, 112, 0.22)"
          },
          "id": 19,
          "isNew": true,
          "legend": {
            "avg": false,
            "current": false,
            "max": false,
            "min": false,
            "show": false,
            "total": false,
            "values": false
          },
          "lines": true,
          "linewidth": 2,
          "links": [],
          "nullPointMode": "connected",
          "percentage": false,
          "pointradius": 5,
          "points": false,
          "renderer": "flot",
          "seriesOverrides": [],
          "span": 6,
          "stack": false,
          "steppedLine": false,
          "targets": [
            {
              "aggregator": "avg",
              "alias": "FetchConsumer (min)",
              "app": "kafka_broker",
              "downsampleAggregator": "avg",
              "errors": {},
              "hosts": "",
              "metric": "kafka.network.RequestMetrics.TotalTimeMs.request.FetchConsumer.min",
              "precision": "default",
              "refId": "A",
              "templatedHost": "",
              "transform": "none",
              "transformData": "none"
            }
          ],
          "timeFrom": null,
          "timeShift": null,
          "title": "Total Time Ms (min)",
          "tooltip": {
            "shared": false,
            "value_type": "cumulative"
          },
          "type": "graph",
          "x-axis": true,
          "y-axis": true,
          "y_formats": [
            "ms",
            "short"
          ]
        },
        {
          "aliasColors": {},
          "bars": false,
          "datasource": null,
          "editable": true,
          "error": false,
          "fill": 1,
          "grid": {
            "leftLogBase": 1,
            "leftMax": null,
            "leftMin": null,
            "rightLogBase": 1,
            "rightMax": null,
            "rightMin": null,
            "threshold1": null,
            "threshold1Color": "rgba(216, 200, 27, 0.27)",
            "threshold2": null,
            "threshold2Color": "rgba(234, 112, 112, 0.22)"
          },
          "id": 20,
          "isNew": true,
          "legend": {
            "avg": false,
            "current": false,
            "max": false,
            "min": false,
            "show": false,
            "total": false,
            "values": false
          },
          "lines": true,
          "linewidth": 2,
          "links": [],
          "nullPointMode": "connected",
          "percentage": false,
          "pointradius": 5,
          "points": false,
          "renderer": "flot",
          "seriesOverrides": [],
          "span": 6,
          "stack": false,
          "steppedLine": false,
          "targets": [
            {
              "aggregator": "avg",
              "alias": "FetchConsumer (max)",
              "app": "kafka_broker",
              "downsampleAggregator": "avg",
              "errors": {},
              "metric": "kafka.network.RequestMetrics.TotalTimeMs.request.FetchConsumer.max",
              "precision": "default",
              "refId": "A",
              "templatedHost": "",
              "transform": "none",
              "transformData": "none"
            }
          ],
          "timeFrom": null,
          "timeShift": null,
          "title": "Total Time ms (max)",
          "tooltip": {
            "shared": false,
            "value_type": "cumulative"
          },
          "type": "graph",
          "x-axis": true,
          "y-axis": true,
          "y_formats": [
            "ms",
            "short"
          ]
        },
        {
          "aliasColors": {},
          "bars": false,
          "datasource": null,
          "editable": true,
          "error": false,
          "fill": 1,
          "grid": {
            "leftLogBase": 1,
            "leftMax": null,
            "leftMin": null,
            "rightLogBase": 1,
            "rightMax": null,
            "rightMin": null,
            "threshold1": null,
            "threshold1Color": "rgba(216, 200, 27, 0.27)",
            "threshold2": null,
            "threshold2Color": "rgba(234, 112, 112, 0.22)"
          },
          "id": 21,
          "isNew": true,
          "legend": {
            "avg": false,
            "current": false,
            "max": false,
            "min": false,
            "show": false,
            "total": false,
            "values": false
          },
          "lines": true,
          "linewidth": 2,
          "links": [],
          "nullPointMode": "connected",
          "percentage": false,
          "pointradius": 5,
          "points": false,
          "renderer": "flot",
          "seriesOverrides": [],
          "span": 6,
          "stack": false,
          "steppedLine": false,
          "targets": [
            {
              "aggregator": "avg",
              "alias": "FetchConsumer (mean)",
              "app": "kafka_broker",
              "downsampleAggregator": "avg",
              "errors": {},
              "metric": "kafka.network.RequestMetrics.TotalTimeMs.request.FetchConsumer.mean",
              "precision": "default",
              "refId": "A",
              "templatedHost": "",
              "transform": "none",
              "transformData": "none"
            }
          ],
          "timeFrom": null,
          "timeShift": null,
          "title": "Total Time ms (mean)",
          "tooltip": {
            "shared": false,
            "value_type": "cumulative"
          },
          "type": "graph",
          "x-axis": true,
          "y-axis": true,
          "y_formats": [
            "ms",
            "short"
          ]
        },
        {
          "aliasColors": {},
          "bars": false,
          "datasource": null,
          "editable": true,
          "error": false,
          "fill": 1,
          "grid": {
            "leftLogBase": 1,
            "leftMax": null,
            "leftMin": null,
            "rightLogBase": 1,
            "rightMax": null,
            "rightMin": null,
            "threshold1": null,
            "threshold1Color": "rgba(216, 200, 27, 0.27)",
            "threshold2": null,
            "threshold2Color": "rgba(234, 112, 112, 0.22)"
          },
          "id": 22,
          "isNew": true,
          "legend": {
            "avg": false,
            "current": false,
            "max": false,
            "min": false,
            "show": false,
            "total": false,
            "values": false
          },
          "lines": true,
          "linewidth": 2,
          "links": [],
          "nullPointMode": "connected",
          "percentage": false,
          "pointradius": 5,
          "points": false,
          "renderer": "flot",
          "seriesOverrides": [],
          "span": 6,
          "stack": false,
          "steppedLine": false,
          "targets": [
            {
              "aggregator": "avg",
              "alias": "FetchConsumer (99th Percentile)",
              "app": "kafka_broker",
              "downsampleAggregator": "avg",
              "errors": {},
              "metric": "kafka.network.RequestMetrics.TotalTimeMs.request.FetchConsumer.99percentile",
              "precision": "default",
              "refId": "A",
              "templatedHost": "",
              "transform": "none",
              "transformData": "none"
            }
          ],
          "timeFrom": null,
          "timeShift": null,
          "title": "Total Time ms (99th Percentile)",
          "tooltip": {
            "shared": false,
            "value_type": "cumulative"
          },
          "type": "graph",
          "x-axis": true,
          "y-axis": true,
          "y_formats": [
            "ms",
            "short"
          ]
        }
      ],
      "showTitle": true,
      "title": "Fetch Consumer Total Time"
    },
    {
      "collapse": true,
      "editable": true,
      "height": "250px",
      "panels": [
        {
          "aliasColors": {},
          "bars": false,
          "datasource": null,
          "editable": true,
          "error": false,
          "fill": 1,
          "grid": {
            "leftLogBase": 1,
            "leftMax": null,
            "leftMin": null,
            "rightLogBase": 1,
            "rightMax": null,
            "rightMin": null,
            "threshold1": null,
            "threshold1Color": "rgba(216, 200, 27, 0.27)",
            "threshold2": null,
            "threshold2Color": "rgba(234, 112, 112, 0.22)"
          },
          "id": 23,
          "isNew": true,
          "legend": {
            "avg": false,
            "current": false,
            "max": false,
            "min": false,
            "show": false,
            "total": false,
            "values": false
          },
          "lines": true,
          "linewidth": 2,
          "links": [],
          "nullPointMode": "connected",
          "percentage": false,
          "pointradius": 5,
          "points": false,
          "renderer": "flot",
          "seriesOverrides": [],
          "span": 6,
          "stack": false,
          "steppedLine": false,
          "targets": [
            {
              "aggregator": "avg",
              "alias": "FetchFollower (min)",
              "app": "kafka_broker",
              "downsampleAggregator": "avg",
              "errors": {},
              "hosts": "",
              "metric": "kafka.network.RequestMetrics.TotalTimeMs.request.FetchFollower.min",
              "precision": "default",
              "refId": "A",
              "templatedHost": "",
              "transform": "none",
              "transformData": "none"
            }
          ],
          "timeFrom": null,
          "timeShift": null,
          "title": "Total Time ms (min)",
          "tooltip": {
            "shared": false,
            "value_type": "cumulative"
          },
          "type": "graph",
          "x-axis": true,
          "y-axis": true,
          "y_formats": [
            "ms",
            "short"
          ]
        },
        {
          "aliasColors": {},
          "bars": false,
          "datasource": null,
          "editable": true,
          "error": false,
          "fill": 1,
          "grid": {
            "leftLogBase": 1,
            "leftMax": null,
            "leftMin": null,
            "rightLogBase": 1,
            "rightMax": null,
            "rightMin": null,
            "threshold1": null,
            "threshold1Color": "rgba(216, 200, 27, 0.27)",
            "threshold2": null,
            "threshold2Color": "rgba(234, 112, 112, 0.22)"
          },
          "id": 24,
          "isNew": true,
          "legend": {
            "avg": false,
            "current": false,
            "max": false,
            "min": false,
            "show": false,
            "total": false,
            "values": false
          },
          "lines": true,
          "linewidth": 2,
          "links": [],
          "nullPointMode": "connected",
          "percentage": false,
          "pointradius": 5,
          "points": false,
          "renderer": "flot",
          "seriesOverrides": [],
          "span": 6,
          "stack": false,
          "steppedLine": false,
          "targets": [
            {
              "aggregator": "avg",
              "alias": "FetchFollower (max)",
              "app": "kafka_broker",
              "downsampleAggregator": "avg",
              "errors": {},
              "metric": "kafka.network.RequestMetrics.TotalTimeMs.request.FetchFollower.max",
              "precision": "default",
              "refId": "A",
              "templatedHost": "",
              "transform": "none",
              "transformData": "none"
            }
          ],
          "timeFrom": null,
          "timeShift": null,
          "title": "Total Time ms (max)",
          "tooltip": {
            "shared": false,
            "value_type": "cumulative"
          },
          "type": "graph",
          "x-axis": true,
          "y-axis": true,
          "y_formats": [
            "ms",
            "short"
          ]
        },
        {
          "aliasColors": {},
          "bars": false,
          "datasource": null,
          "editable": true,
          "error": false,
          "fill": 1,
          "grid": {
            "leftLogBase": 1,
            "leftMax": null,
            "leftMin": null,
            "rightLogBase": 1,
            "rightMax": null,
            "rightMin": null,
            "threshold1": null,
            "threshold1Color": "rgba(216, 200, 27, 0.27)",
            "threshold2": null,
            "threshold2Color": "rgba(234, 112, 112, 0.22)"
          },
          "id": 25,
          "isNew": true,
          "legend": {
            "avg": false,
            "current": false,
            "max": false,
            "min": false,
            "show": false,
            "total": false,
            "values": false
          },
          "lines": true,
          "linewidth": 2,
          "links": [],
          "nullPointMode": "connected",
          "percentage": false,
          "pointradius": 5,
          "points": false,
          "renderer": "flot",
          "seriesOverrides": [],
          "span": 6,
          "stack": false,
          "steppedLine": false,
          "targets": [
            {
              "aggregator": "avg",
              "alias": "FetchFollower (mean)",
              "app": "kafka_broker",
              "downsampleAggregator": "avg",
              "errors": {},
              "metric": "kafka.network.RequestMetrics.TotalTimeMs.request.FetchFollower.mean",
              "precision": "default",
              "refId": "A",
              "templatedHost": "",
              "transform": "none",
              "transformData": "none"
            }
          ],
          "timeFrom": null,
          "timeShift": null,
          "title": "Total Time ms (mean)",
          "tooltip": {
            "shared": false,
            "value_type": "cumulative"
          },
          "type": "graph",
          "x-axis": true,
          "y-axis": true,
          "y_formats": [
            "ms",
            "short"
          ]
        },
        {
          "aliasColors": {},
          "bars": false,
          "datasource": null,
          "editable": true,
          "error": false,
          "fill": 1,
          "grid": {
            "leftLogBase": 1,
            "leftMax": null,
            "leftMin": null,
            "rightLogBase": 1,
            "rightMax": null,
            "rightMin": null,
            "threshold1": null,
            "threshold1Color": "rgba(216, 200, 27, 0.27)",
            "threshold2": null,
            "threshold2Color": "rgba(234, 112, 112, 0.22)"
          },
          "id": 26,
          "isNew": true,
          "legend": {
            "avg": false,
            "current": false,
            "max": false,
            "min": false,
            "show": false,
            "total": false,
            "values": false
          },
          "lines": true,
          "linewidth": 2,
          "links": [],
          "nullPointMode": "connected",
          "percentage": false,
          "pointradius": 5,
          "points": false,
          "renderer": "flot",
          "seriesOverrides": [],
          "span": 6,
          "stack": false,
          "steppedLine": false,
          "targets": [
            {
              "aggregator": "avg",
              "alias": "FetchFollower (99thPercentile)",
              "app": "kafka_broker",
              "downsampleAggregator": "avg",
              "errors": {},
              "metric": "kafka.network.RequestMetrics.TotalTimeMs.request.FetchFollower.99percentile",
              "precision": "default",
              "refId": "A",
              "templatedHost": "",
              "transform": "none",
              "transformData": "none"
            }
          ],
          "timeFrom": null,
          "timeShift": null,
          "title": "Total Time ms (99thPercentile)",
          "tooltip": {
            "shared": false,
            "value_type": "cumulative"
          },
          "type": "graph",
          "x-axis": true,
          "y-axis": true,
          "y_formats": [
            "short",
            "short"
          ]
        }
      ],
      "showTitle": true,
      "title": "Fetch Follower Total Time"
    },
    {
      "collapse": true,
      "editable": true,
      "height": "250px",
      "panels": [
        {
          "aliasColors": {},
          "bars": false,
          "datasource": null,
          "editable": true,
          "error": false,
          "fill": 1,
          "grid": {
            "leftLogBase": 1,
            "leftMax": null,
            "leftMin": null,
            "rightLogBase": 1,
            "rightMax": null,
            "rightMin": null,
            "threshold1": null,
            "threshold1Color": "rgba(216, 200, 27, 0.27)",
            "threshold2": null,
            "threshold2Color": "rgba(234, 112, 112, 0.22)"
          },
          "id": 27,
          "isNew": true,
          "legend": {
            "avg": false,
            "current": false,
            "max": false,
            "min": false,
            "show": false,
            "total": false,
            "values": false
          },
          "lines": true,
          "linewidth": 2,
          "links": [],
          "nullPointMode": "connected",
          "percentage": false,
          "pointradius": 5,
          "points": false,
          "renderer": "flot",
          "seriesOverrides": [],
          "span": 6,
          "stack": false,
          "steppedLine": false,
          "targets": [
            {
              "aggregator": "avg",
              "alias": "Produce (min)",
              "app": "kafka_broker",
              "downsampleAggregator": "avg",
              "errors": {},
              "metric": "kafka.network.RequestMetrics.TotalTimeMs.request.Produce.min",
              "precision": "default",
              "refId": "A",
              "templatedHost": "",
              "transform": "none",
              "transformData": "none"
            }
          ],
          "timeFrom": null,
          "timeShift": null,
          "title": "Total Time ms (min)",
          "tooltip": {
            "shared": false,
            "value_type": "cumulative"
          },
          "type": "graph",
          "x-axis": true,
          "y-axis": true,
          "y_formats": [
            "ms",
            "short"
          ]
        },
        {
          "aliasColors": {},
          "bars": false,
          "datasource": null,
          "editable": true,
          "error": false,
          "fill": 1,
          "grid": {
            "leftLogBase": 1,
            "leftMax": null,
            "leftMin": null,
            "rightLogBase": 1,
            "rightMax": null,
            "rightMin": null,
            "threshold1": null,
            "threshold1Color": "rgba(216, 200, 27, 0.27)",
            "threshold2": null,
            "threshold2Color": "rgba(234, 112, 112, 0.22)"
          },
          "id": 28,
          "isNew": true,
          "legend": {
            "avg": false,
            "current": false,
            "max": false,
            "min": false,
            "show": false,
            "total": false,
            "values": false
          },
          "lines": true,
          "linewidth": 2,
          "links": [],
          "nullPointMode": "connected",
          "percentage": false,
          "pointradius": 5,
          "points": false,
          "renderer": "flot",
          "seriesOverrides": [],
          "span": 6,
          "stack": false,
          "steppedLine": false,
          "targets": [
            {
              "aggregator": "avg",
              "alias": "Produce (max)",
              "app": "kafka_broker",
              "downsampleAggregator": "avg",
              "errors": {},
              "metric": "kafka.network.RequestMetrics.TotalTimeMs.request.Produce.max",
              "precision": "default",
              "refId": "A",
              "templatedHost": "",
              "transform": "none",
              "transformData": "none"
            }
          ],
          "timeFrom": null,
          "timeShift": null,
          "title": "Total Time ms (max)",
          "tooltip": {
            "shared": false,
            "value_type": "cumulative"
          },
          "type": "graph",
          "x-axis": true,
          "y-axis": true,
          "y_formats": [
            "ms",
            "short"
          ]
        },
        {
          "aliasColors": {},
          "bars": false,
          "datasource": null,
          "editable": true,
          "error": false,
          "fill": 1,
          "grid": {
            "leftLogBase": 1,
            "leftMax": null,
            "leftMin": null,
            "rightLogBase": 1,
            "rightMax": null,
            "rightMin": null,
            "threshold1": null,
            "threshold1Color": "rgba(216, 200, 27, 0.27)",
            "threshold2": null,
            "threshold2Color": "rgba(234, 112, 112, 0.22)"
          },
          "id": 29,
          "isNew": true,
          "legend": {
            "avg": false,
            "current": false,
            "max": false,
            "min": false,
            "show": false,
            "total": false,
            "values": false
          },
          "lines": true,
          "linewidth": 2,
          "links": [],
          "nullPointMode": "connected",
          "percentage": false,
          "pointradius": 5,
          "points": false,
          "renderer": "flot",
          "seriesOverrides": [],
          "span": 6,
          "stack": false,
          "steppedLine": false,
          "targets": [
            {
              "aggregator": "avg",
              "alias": "Produce (mean)",
              "app": "kafka_broker",
              "downsampleAggregator": "avg",
              "errors": {},
              "metric": "kafka.network.RequestMetrics.TotalTimeMs.request.Produce.mean",
              "precision": "default",
              "refId": "A",
              "templatedHost": "",
              "transform": "none",
              "transformData": "none"
            }
          ],
          "timeFrom": null,
          "timeShift": null,
          "title": "Total Time ms (mean)",
          "tooltip": {
            "shared": false,
            "value_type": "cumulative"
          },
          "type": "graph",
          "x-axis": true,
          "y-axis": true,
          "y_formats": [
            "ms",
            "short"
          ]
        },
        {
          "aliasColors": {},
          "bars": false,
          "datasource": null,
          "editable": true,
          "error": false,
          "fill": 1,
          "grid": {
            "leftLogBase": 1,
            "leftMax": null,
            "leftMin": null,
            "rightLogBase": 1,
            "rightMax": null,
            "rightMin": null,
            "threshold1": null,
            "threshold1Color": "rgba(216, 200, 27, 0.27)",
            "threshold2": null,
            "threshold2Color": "rgba(234, 112, 112, 0.22)"
          },
          "id": 30,
          "isNew": true,
          "legend": {
            "avg": false,
            "current": false,
            "max": false,
            "min": false,
            "show": false,
            "total": false,
            "values": false
          },
          "lines": true,
          "linewidth": 2,
          "links": [],
          "nullPointMode": "connected",
          "percentage": false,
          "pointradius": 5,
          "points": false,
          "renderer": "flot",
          "seriesOverrides": [],
          "span": 6,
          "stack": false,
          "steppedLine": false,
          "targets": [
            {
              "aggregator": "avg",
              "alias": "Produce (99th Percentile)",
              "app": "kafka_broker",
              "downsampleAggregator": "avg",
              "errors": {},
              "metric": "kafka.network.RequestMetrics.TotalTimeMs.request.Produce.99percentile",
              "precision": "default",
              "refId": "A",
              "templatedHost": "",
              "transform": "none",
              "transformData": "none"
            }
          ],
          "timeFrom": null,
          "timeShift": null,
          "title": "Total Time ms (99th Percentile)",
          "tooltip": {
            "shared": false,
            "value_type": "cumulative"
          },
          "type": "graph",
          "x-axis": true,
          "y-axis": true,
          "y_formats": [
            "ms",
            "short"
          ]
        }
      ],
      "showTitle": true,
      "title": "Produce Total Time"
    }
  ],
  "time": {
    "from": "now-6h",
    "to": "now"
  },
  "timepicker": {
    "now": true,
    "refresh_intervals": [
      "5s",
      "10s",
      "30s",
      "1m",
      "5m",
      "15m",
      "30m",
      "1h",
      "2h",
      "1d"
    ],
    "time_options": [
      "5m",
      "15m",
      "1h",
      "6h",
      "12h",
      "24h",
      "2d",
      "7d",
      "30d"
    ]
  },
  "templating": {
    "list": [
      {
        "allFormat": "glob",
        "current": {
          "text": "kafka_broker",
          "value": "kafka_broker"
        },
        "datasource": null,
        "hideLabel": true,
        "includeAll": false,
        "multi": false,
        "multiFormat": "glob",
        "name": "components",
        "options": [
          {
            "selected": true,
            "text": "kafka_broker",
            "value": "kafka_broker"
          }
        ],
        "query": "kafka_broker",
        "refresh": false,
        "type": "custom"
      },
      {
        "allFormat": "glob",
        "current": null,
        "datasource": null,
        "includeAll": false,
        "label": "Cluster",
        "multi": false,
        "multiFormat": "glob",
        "name": "cluster",
        "options": [],
        "query": "cluster",
        "refresh": true,
        "regex": "",
        "type": "query"
      },
      {
        "allFormat": "glob",
        "current": {
          "text": "All",
          "value": ""
        },
        "datasource": null,
        "includeAll": true,
        "multi": true,
        "multiFormat": "glob",
        "name": "hosts",
        "options": [
          {
            "text": "All",
            "value": "",
            "selected": true
          }
        ],
        "label": "Hosts",
        "query": "hosts.$cluster",
        "refresh": true,
        "regex": "",
        "type": "query"
      },
      {
        "allFormat": "glob",
        "current": {
          "text": "top",
          "value": "top"
        },
        "datasource": null,
        "hideLabel": false,
        "includeAll": false,
        "label": "show",
        "multi": false,
        "multiFormat": "glob",
        "name": "orientation",
        "options": [
          {
            "selected": true,
            "text": "top",
            "value": "top"
          },
          {
            "selected": false,
            "text": "bottom",
            "value": "bottom"
          }
        ],
        "query": "top,bottom",
        "refresh": false,
        "type": "custom"
      },
      {
        "allFormat": "glob",
        "current": {
          "text": "20",
          "value": "20"
        },
        "datasource": null,
        "hideLabel": true,
        "includeAll": false,
        "label": "instances",
        "multi": false,
        "multiFormat": "glob",
        "name": "instances",
        "options": [
          {
            "selected": true,
            "text": "20",
            "value": "20"
          },
          {
            "selected": false,
            "text": "1",
            "value": "1"
          },
          {
            "selected": false,
            "text": "5",
            "value": "5"
          },
          {
            "selected": false,
            "text": "10",
            "value": "10"
          },
          {
            "selected": false,
            "text": "15",
            "value": "15"
          },
          {
            "selected": false,
            "text": "50",
            "value": "50"
          },
          {
            "selected": false,
            "text": "100",
            "value": "100"
          }
        ],
        "query": "20,1,5,10,15,50,100",
        "refresh": false,
        "type": "custom"
      },
      {
        "allFormat": "glob",
        "current": {
          "text": "avg",
          "value": "avg"
        },
        "datasource": null,
        "includeAll": false,
        "label": "aggregator",
        "multi": false,
        "multiFormat": "glob",
        "name": "topagg",
        "options": [
          {
            "selected": true,
            "text": "avg",
            "value": "avg"
          },
          {
            "selected": false,
            "text": "max",
            "value": "max"
          },
          {
            "selected": false,
            "text": "sum",
            "value": "sum"
          }
        ],
        "query": "avg,max,sum",
        "refresh": false,
        "type": "custom"
      }
    ]
  },
  "annotations": {
    "list": []
  },
  "schemaVersion": 8,
  "version": 16,
  "links": [
    {
      "asDropdown": true,
      "icon": "external link",
      "keepTime": true,
      "tags": [
        "kafka"
      ],
      "title": "Kafka Dashboards",
      "type": "dashboards"
    }
  ]
}