{
  "id": null,
  "title": "Kafka - Topics",
  "originalTitle": "Kafka - Topics",
  "tags": [
    "kafka"
  ],
  "style": "dark",
  "timezone": "browser",
  "editable": true,
  "hideControls": false,
  "sharedCrosshair": false,
  "rows": [
    {
      "collapse": false,
      "editable": true,
      "height": "25px",
      "panels": [
        {
          "content": "<h4 align=\"center\">Metrics for the Kafka cluster on a per topic level. Click on each row title to expand on demand to look at various metrics. </h4>\n<h6 style=\"color:red;\" align=\"center\">This dashboard is managed by Ambari.  You may lose any changes made to this dashboard.  If you want to customize, make your own copy.</h6>",
          "editable": true,
          "error": false,
          "id": 6,
          "isNew": true,
          "links": [],
          "mode": "html",
          "span": 12,
          "style": {},
          "title": "",
          "type": "text"
        }
      ],
      "title": "New row"
    },
    {
      "collapse": false,
      "editable": true,
      "height": "250px",
      "panels": [
        {
          "aliasColors": {},
          "bars": false,
          "datasource": null,
          "editable": true,
          "error": false,
          "fill": 1,
          "grid": {
            "leftLogBase": 1,
            "leftMax": null,
            "leftMin": null,
            "rightLogBase": 1,
            "rightMax": null,
            "rightMin": null,
            "threshold1": null,
            "threshold1Color": "rgba(216, 200, 27, 0.27)",
            "threshold2": null,
            "threshold2Color": "rgba(234, 112, 112, 0.22)"
          },
          "id": 2,
          "isNew": true,
          "legend": {
            "avg": false,
            "current": false,
            "hideEmpty": true,
            "hideZero": true,
            "max": false,
            "min": false,
            "show": false,
            "total": false,
            "values": false
          },
          "lines": true,
          "linewidth": 2,
          "links": [],
          "nullPointMode": "connected",
          "percentage": false,
          "pointradius": 5,
          "points": false,
          "renderer": "flot",
          "seriesOverrides": [],
          "span": 6,
          "stack": false,
          "steppedLine": false,
          "targets": [
            {
              "aggregator": "none",
              "alias": "Messages In",
              "app": "kafka_broker",
              "downsampleAggregator": "avg",
              "errors": {},
              "metric": "kafka.server.BrokerTopicMetrics.BytesInPerSec.topic.*.count",
              "precision": "default",
              "refId": "A",
              "transform": "rate",
              "transformData": "none"
            }
          ],
          "timeFrom": null,
          "timeShift": null,
          "title": "Messages In /s",
          "tooltip": {
            "shared": false,
            "value_type": "cumulative"
          },
          "type": "graph",
          "x-axis": true,
          "y-axis": true,
          "y_formats": [
            "short",
            "short"
          ]
        },
        {
          "aliasColors": {},
          "bars": false,
          "datasource": null,
          "editable": true,
          "error": false,
          "fill": 1,
          "grid": {
            "leftLogBase": 1,
            "leftMax": null,
            "leftMin": null,
            "rightLogBase": 1,
            "rightMax": null,
            "rightMin": null,
            "threshold1": null,
            "threshold1Color": "rgba(216, 200, 27, 0.27)",
            "threshold2": null,
            "threshold2Color": "rgba(234, 112, 112, 0.22)"
          },
          "id": 3,
          "isNew": true,
          "legend": {
            "avg": false,
            "current": false,
            "hideEmpty": true,
            "hideZero": false,
            "max": false,
            "min": false,
            "show": false,
            "total": false,
            "values": false
          },
          "lines": true,
          "linewidth": 2,
          "links": [],
          "nullPointMode": "connected",
          "percentage": false,
          "pointradius": 5,
          "points": false,
          "renderer": "flot",
          "seriesOverrides": [],
          "span": 6,
          "stack": false,
          "steppedLine": false,
          "targets": [
            {
              "aggregator": "none",
              "alias": "Bytes Out",
              "app": "kafka_broker",
              "downsampleAggregator": "avg",
              "errors": {},
              "metric": "kafka.server.BrokerTopicMetrics.BytesOutPerSec.topic.*.count",
              "precision": "default",
              "refId": "A",
              "transform": "rate",
              "transformData": "none"
            },
            {
              "aggregator": "none",
              "alias": "Bytes In",
              "app": "kafka_broker",
              "downsampleAggregator": "avg",
              "errors": {},
              "metric": "kafka.server.BrokerTopicMetrics.BytesInPerSec.topic.*.count",
              "precision": "default",
              "refId": "B",
              "transform": "rate"
            }
          ],
          "timeFrom": null,
          "timeShift": null,
          "title": "Bytes In & Out /s",
          "tooltip": {
            "shared": false,
            "value_type": "cumulative"
          },
          "type": "graph",
          "x-axis": true,
          "y-axis": true,
          "y_formats": [
            "bytes",
            "short"
          ]
        }
      ],
      "showTitle": true,
      "title": "Messages In & Bytes In & Out"
    },
    {
      "collapse": true,
      "editable": true,
      "height": "250px",
      "panels": [
        {
          "aliasColors": {},
          "bars": false,
          "datasource": null,
          "editable": true,
          "error": false,
          "fill": 1,
          "grid": {
            "leftLogBase": 1,
            "leftMax": null,
            "leftMin": null,
            "rightLogBase": 1,
            "rightMax": null,
            "rightMin": null,
            "threshold1": null,
            "threshold1Color": "rgba(216, 200, 27, 0.27)",
            "threshold2": null,
            "threshold2Color": "rgba(234, 112, 112, 0.22)"
          },
          "id": 1,
          "isNew": true,
          "legend": {
            "avg": false,
            "current": false,
            "hideEmpty": false,
            "hideZero": true,
            "max": false,
            "min": false,
            "show": true,
            "total": false,
            "values": false
          },
          "lines": true,
          "linewidth": 2,
          "links": [],
          "nullPointMode": "connected",
          "percentage": false,
          "pointradius": 5,
          "points": false,
          "renderer": "flot",
          "seriesOverrides": [],
          "span": 12,
          "stack": false,
          "steppedLine": false,
          "targets": [
            {
              "aggregator": "none",
              "alias": "Total Fetch Requests",
              "app": "kafka_broker",
              "downsampleAggregator": "avg",
              "errors": {},
              "metric": "kafka.server.BrokerTopicMetrics.MessagesInPerSec.topic.*.count",
              "precision": "default",
              "refId": "A",
              "transform": "rate",
              "transformData": "none"
            }
          ],
          "timeFrom": null,
          "timeShift": null,
          "title": "Total Fetch Requests /s on $Topics",
          "tooltip": {
            "shared": false,
            "value_type": "cumulative"
          },
          "type": "graph",
          "x-axis": true,
          "y-axis": true,
          "y_formats": [
            "short",
            "short"
          ]
        }
      ],
      "showTitle": true,
      "title": "Fetch Requests"
    },
    {
      "collapse": true,
      "editable": true,
      "height": "250px",
      "panels": [
        {
          "aliasColors": {},
          "bars": false,
          "datasource": null,
          "editable": true,
          "error": false,
          "fill": 1,
          "grid": {
            "leftLogBase": 1,
            "leftMax": null,
            "leftMin": null,
            "rightLogBase": 1,
            "rightMax": null,
            "rightMin": null,
            "threshold1": null,
            "threshold1Color": "rgba(216, 200, 27, 0.27)",
            "threshold2": null,
            "threshold2Color": "rgba(234, 112, 112, 0.22)"
          },
          "id": 4,
          "isNew": true,
          "legend": {
            "avg": false,
            "current": false,
            "hideEmpty": true,
            "hideZero": true,
            "max": false,
            "min": false,
            "show": true,
            "total": false,
            "values": false
          },
          "lines": true,
          "linewidth": 2,
          "links": [],
          "nullPointMode": "connected",
          "percentage": false,
          "pointradius": 5,
          "points": false,
          "renderer": "flot",
          "seriesOverrides": [],
          "span": 12,
          "stack": false,
          "steppedLine": false,
          "targets": [
            {
              "aggregator": "none",
              "alias": "Total Produce Requests",
              "app": "kafka_broker",
              "downsampleAggregator": "avg",
              "errors": {},
              "metric": "kafka.server.BrokerTopicMetrics.TotalProduceRequestsPerSec.topic.*.count",
              "precision": "default",
              "refId": "A",
              "transform": "rate",
              "transformData": "none"
            }
          ],
          "timeFrom": null,
          "timeShift": null,
          "title": "Total Produce Requests /s",
          "tooltip": {
            "shared": false,
            "value_type": "cumulative"
          },
          "type": "graph",
          "x-axis": true,
          "y-axis": true,
          "y_formats": [
            "short",
            "short"
          ]
        }
      ],
      "showTitle": true,
      "title": "Produce Requests"
    },
    {
      "collapse": true,
      "editable": true,
      "height": "250px",
      "panels": [
        {
          "aliasColors": {},
          "bars": false,
          "datasource": null,
          "editable": true,
          "error": false,
          "fill": 1,
          "grid": {
            "leftLogBase": 1,
            "leftMax": null,
            "leftMin": null,
            "rightLogBase": 1,
            "rightMax": null,
            "rightMin": null,
            "threshold1": null,
            "threshold1Color": "rgba(216, 200, 27, 0.27)",
            "threshold2": null,
            "threshold2Color": "rgba(234, 112, 112, 0.22)"
          },
          "id": 5,
          "isNew": true,
          "legend": {
            "avg": false,
            "current": false,
            "hideEmpty": true,
            "max": false,
            "min": false,
            "show": true,
            "total": false,
            "values": false
          },
          "lines": true,
          "linewidth": 2,
          "links": [],
          "nullPointMode": "connected",
          "percentage": false,
          "pointradius": 5,
          "points": false,
          "renderer": "flot",
          "seriesOverrides": [],
          "span": 12,
          "stack": false,
          "steppedLine": false,
          "targets": [
            {
              "aggregator": "avg",
              "alias": "Consumer Lag",
              "app": "kafka_broker",
              "downsampleAggregator": "avg",
              "errors": {},
              "metric": "kafka.server.FetcherLagMetrics.ConsumerLag.clientId.ReplicaFetcherThread-0-1001.partition.0.topic.*",
              "precision": "default",
              "refId": "A",
              "transform": "none",
              "transformData": "none"
            }
          ],
          "timeFrom": null,
          "timeShift": null,
          "title": "Consumer Lag",
          "tooltip": {
            "shared": false,
            "value_type": "cumulative"
          },
          "type": "graph",
          "x-axis": true,
          "y-axis": true,
          "y_formats": [
            "short",
            "short"
          ]
        }
      ],
      "showTitle": true,
      "title": "Fetcher Lag Metrics"
    }
  ],
  "time": {
    "from": "now-6h",
    "to": "now"
  },
  "timepicker": {
    "now": true,
    "refresh_intervals": [
      "5s",
      "10s",
      "30s",
      "1m",
      "5m",
      "15m",
      "30m",
      "1h",
      "2h",
      "1d"
    ],
    "time_options": [
      "5m",
      "15m",
      "1h",
      "6h",
      "12h",
      "24h",
      "2d",
      "7d",
      "30d"
    ]
  },
  "templating": {
    "list": [
      {
        "allFormat": "glob",
        "current": {
          "text": "All",
          "value": ""
        },
        "datasource": null,
        "includeAll": true,
        "multi": true,
        "multiFormat": "glob",
        "name": "Topics",
        "options": [
          {
            "text": "All",
            "value": "",
            "selected": true
          }
        ],
        "query": "kafka-topics",
        "refresh": true,
        "regex": "",
        "type": "query"
      }
    ]
  },
  "annotations": {
    "list": []
  },
  "schemaVersion": 8,
  "version": 25,
  "links": [
    {
      "asDropdown": true,
      "icon": "external link",
      "keepTime": true,
      "tags": [
        "kafka"
      ],
      "title": "Kafka Dashboards",
      "type": "dashboards"
    }
  ]
}